{
    "name": "item-piles",
    "title": "Item Piles",
    "description": "This module adds the ability for items to be dropped onto the ground, and then picked up.",
    "version": "1.3.0",
    "library": "false",
    "manifestPlusVersion": "1.0.0",
    "minimumCoreVersion": "0.8.9",
    "compatibleCoreVersion": "9",
    "authors": [
        {
            "name": "Wasp",
            "url": "https://github.com/Haxxer",
            "discord": "Wasp#2005"
        }
    ],
    "esmodules": [
        "/scripts/module.js"
    ],
    "styles": [
        "/styles/module.css"
    ],
    "languages": [
        {
            "lang": "en",
            "name": "English",
            "path": "languages/en.json"
        },
        {
            "lang": "fr",
            "name": "French",
            "path": "languages/fr.json"
        },
        {
            "lang": "ja",
            "name": "日本語",
            "path": "languages/ja.json"
        },
        {
            "lang": "de",
            "name": "Deutsch (German)",
            "path": "languages/de.json"
        }
    ],
    "dependencies": [
        {
            "name": "socketlib"
        },
        {
            "name": "lib-wrapper"
        }
    ],
    "socket": true,
    "url": "https://github.com/fantasycalendar/FoundryVTT-ItemPiles",
    "manifest": "https://github.com/fantasycalendar/FoundryVTT-ItemPiles/releases/latest/download/module.json",
    "download": "https://github.com/fantasycalendar/FoundryVTT-ItemPiles/releases/download/1.2.8/module.zip",
    "bugs": "https://github.com/fantasycalendar/FoundryVTT-ItemPiles/issues",
    "allowBugReporter": true
}